<?xml version="1.0" encoding="UTF-8"?>
<project-private xmlns="http://www.netbeans.org/ns/project-private/1">
    <editor-bookmarks xmlns="http://www.netbeans.org/ns/editor-bookmarks/2" lastBookmarkId="0"/>
    <open-files xmlns="http://www.netbeans.org/ns/projectui-open-files/2">
        <group>
            <file>file:/C:/xampp/htdocs/center-for-advanced-training/course/hpA01.php</file>
            <file>file:/C:/xampp/htdocs/center-for-advanced-training/course/dassult-course-list.php</file>
            <file>file:/C:/xampp/htdocs/center-for-advanced-training/oracle.php</file>
            <file>file:/C:/xampp/htdocs/center-for-advanced-training/hp.php</file>
            <file>file:/C:/xampp/htdocs/center-for-advanced-training/microsoft.php</file>
        </group>
    </open-files>
</project-private>
